Country,total_ips
United States,1541605760
China,330321408
Japan,202183168
United Kingdom,123500144
Germany,118132104
South Korea,112239104
France,95078032
Canada,79989760
Italy,50999712
Brazil,48572160
Australia,47573248
Netherlands,46379784
Russia,42762784
ReTaiwan,35383040
India,34685952
Sweden,30373544
Spain,28421760
Mexico,25862912
Switzerland,20872696
South Africa,20386560
Poland,19433192
Indonesia,17360640
Vietnam,15530496
Turkey,15393728
Norway,15259312
Argentina,14547968
Finland,13553856
Romania,12718592
Denmark,12280304
Hong Kong,11777024
Austria,11312096
Ukraine,11242816
Belgium,11148992
Colombia,8834816
Thailand,8547840
Egypt,8454144
Czech Republic,8044160
Israel,7573824
Chile,7390464
New Zealand,6954496
Malaysia,6322432
Ireland,5963280
Portugal,5833504
Singapore,5719552
Greece,5549568
Saudi Arabia,5504256
Hungary,5485568
Philippines,5404672
Iran,5260800
Pakistan,5179904
Venezuela,5045248
Bulgaria,4374032
Morocco,3457792
United Arab Emirates,2838400
Tunisia,2729216
Algeria,2616832
Slovakia,2555392
Slovenia,2525056
Kazakhstan,2514944
Peru,2437120
Lithuania,2240256
Croatia,2042432
Serbia,2022144
Costa Rica,1944832
Kuwait,1885184
Ecuador,1857280
Belarus,1776640
Latvia,1659328
Kenya,1655040
Panama,1573376
Luxembourg,1299456
Estonia,1205560
Uruguay,1180416
Cyprus,1136896
Georgia,1014784
Nigeria,1005312
Puerto Rico,1000704
Bangladesh,924160
Dominican Republic,857600
Syria,824320
Iceland,814592
Qatar,808960
Moldova,733440
Bosnia and Herzegovina,728832
Jordan,663936
North Macedonia,657664
Oman,619520
El Salvador,575744
Bolivia,561920
Malta,556544
Guatemala,552192
Sri Lanka,534272
Armenia,525088
Azerbaijan,517120
Palestine,510720
Mauritius,496640
Nepal,475904
Trinidad and Tobago,470016
Bahrain,465920
Lebanon,457728
Nicaragua,369408
Paraguay,365312
Mozambique,343296
Tanzania,339712
Ghana,332544
Macau,324864
Albania,323840
Angola,311808
Netherlands Antilles[a],308992
Libya,299008
Senegal,293248
Sudan &  South Sudan,283904
Iraq,243712
Uzbekistan,231424
Kyrgyzstan,231168
Cambodia,225536
Guam,213504
Uganda,208640
Kosovo,205056
Jamaica,202752
Mongolia,201984
Namibia,199168
Rwanda,195840
Brunei,192512
Montenegro,171520
Gabon,169472
Zambia,162816
New Caledonia,150528
Honduras,143616
Barbados,140032
Cameroon,137728
Fiji,134656
Côte d'Ivoire,133632
Haiti,124160
Bahamas,121856
Cuba,113664
Afghanistan,103744
Botswana,100096
Bermuda,91648
United States Virgin Islands,87040
Zimbabwe,86016
Malawi,79616
Liechtenstein,69408
Tajikistan,67328
Gibraltar,62976
Saint Kitts and Nevis,62464
Madagascar,62208
Belize,61952
Monaco,57856
Antigua and Barbuda,57344
Laos,54784
Maldives,53760
Yemen,51200
Papua New Guinea,49920
Suriname,44032
French Polynesia,41472
Lesotho,40448
Benin,39936
Faroe Islands,39936
Aruba,38912
Guyana,38912
Mali,36864
Seychelles,36352
Cayman Islands,35840
Eswatini,34560
Andorra,32768
Ethiopia,32768
Mauritania,32768
Réunion,32768
Burkina Faso,32512
Åland Islands,28928
San Marino,26880
Myanmar,25600
Bhutan,23552
Gambia,21504
Democratic Republic of the Congo,21248
Niger,20480
Vatican City,17920
Sierra Leone,17920
Cape Verde,17408
Saint Vincent and the Grenadines,17408
Samoa,16640
Greenland,16384
British Virgin Islands,14336
Liberia,13312
Northern Mariana Islands,13312
Togo,13312
Republic of the Congo,12288
Djibouti,12288
Vanuatu,10752
Somalia,10240
Solomon Islands,9728
Turkmenistan,8704
Grenada,8448
São Tomé and Príncipe,8448
Cook Islands,8192
Nauru,8192
Turks and Caicos Islands,8192
Tuvalu,8192
Saint Martin,7168
Jersey,6144
Federated States of Micronesia,6144
Tonga,6144
Burundi,5376
Guinea-Bissau,5120
Isle of Man,4608
Central African Republic,4352
American Samoa,4096
Anguilla,4096
Chad,4096
Comoros,4096
Eritrea,4096
Guadeloupe,4096
Guinea,4096
Palau,4096
Saint Pierre and Miquelon,4096
Timor-Leste,4096
British Indian Ocean Territory,3072
Equatorial Guinea,3072
Kiribati,3072
Wallis and Futuna,3072
French Guiana,2048
Guernsey,2048
Marshall Islands,2048
Niue,2048
Tokelau,2048
Norfolk Island,1536
Montserrat,1280
Dominica,1024
North Korea,1024
Saint Lucia,256
Antarctica,0
Asia Pacific,0
"Bonaire, Saint Eustatius and Saba",0
Bouvet Island,0
Christmas Island,0
Cocos (Keeling) Islands,0
Curaçao,0
Falkland Islands,0
French Southern and Antarctic Lands,0
Heard Island and McDonald Islands,0
Martinique,0
Mayotte,0
Pitcairn Islands,0
Saint Barthélemy,0
"Saint Helena, Ascension and Tristan da Cunha",0
Sint Maarten,0
South Georgia and the South Sandwich Islands,0
Svalbard &  Jan Mayen[b],0
United States Minor Outlying Islands,0
Western Sahara,0